<menu>
	<page>
		<background>data/menu/front.png</background>
		<highlight>data/menu/fronthigh.png</highlight>
		<paused>
			<background>data/menu/frontpause.png</background>
			<highlight>data/menu/frontpausehigh.png</highlight>
		</paused>
		<width>256</width>
		<controls>
			<control>
				<type>0</type>
				<left>13</left>
				<top>21</top>
				<right>238</right>
				<bottom>45</bottom>
				<action>3</action>
				<value>2</value>
				<paused>
				  <action>2</action>
				  <value>0</value>
				</paused>
			</control>
			<control>
				<type>0</type>
				<left>30</left>
				<top>56</top>
				<right>230</right>
				<bottom>80</bottom>
				<action>3</action>
				<value>1</value>
			</control>
			<control>
				<type>0</type>
				<left>30</left>
				<top>92</top>
				<right>225</right>
				<bottom>120</bottom>
				<action>3</action>
				<value>5</value>
			</control>
			<control>
				<type>0</type>
				<left>38</left>
				<top>130</top>
				<right>218</right>
				<bottom>155</bottom>
				<action>3</action>
				<value>3</value>
			</control>
			<control>
				<type>0</type>
				<left>58</left>
				<top>165</top>
				<right>198</right>
				<bottom>190</bottom>
				<action>3</action>
				<value>4</value>
			</control>
			<control>
				<type>0</type>
				<left>10</left>
				<top>201</top>
				<right>245</right>
				<bottom>231</bottom>
				<action>0</action>
				<value>0</value>
				<paused>
				  <action>4</action>
				  <value>0</value>				
				</paused>
			</control>
		</controls>
	</page>
	<page>
		<background>data/menu/score.png</background>
		<highlight>data/menu/scorehigh.png</highlight>
		<width>256</width>
		<show>
		  <type>0</type>
			<block1>50</block1>
			<block2>180</block2>
			<top>78</top>
			<delta>14</delta>
		</show>
		<controls>
			<control>
				<texture>data/menu/scorediffs.png</texture>
				<type>1</type>
				<left>51</left>
				<top>15</top>
				<right>204</right>
				<bottom>34</bottom>
				<stat>4</stat>
				<values>
					<value>easy</value>
					<value>medium</value>
					<value>hard</value>
				</values>
				<roller>
					<left>76</left>
					<right>179</right>
				  <delta>22</delta>
					<top>40</top>
					<bottom>62</bottom>
				</roller>
				<arrowleft>
					<left>56</left>
					<top>44</top>
					<right>73</right>
					<bottom>58</bottom>
				</arrowleft>
				<arrowright>
					<left>179</left>
					<top>44</top>
					<right>193</right>
					<bottom>58</bottom>
				</arrowright>
			</control>
			<control>
				<type>0</type>
				<left>8</left>
				<top>66</top>
				<right>35</right>
				<bottom>209</bottom>
				<action>6</action>
				<value>0</value>
			</control>
			<control>
				<type>0</type>
				<left>85</left>
				<top>218</top>
				<right>172</right>
				<bottom>238</bottom>
				<action>3</action>
				<value>0</value>
			</control>
		</controls>
	</page>
	<page>
		<background>data/menu/difficulty.png</background>
		<highlight>data/menu/difficultyhigh.png</highlight>
		<width>256</width>
		<controls>
			<control>
				<type>0</type>
				<left>42</left>
				<top>23</top>
				<right>211</right>
				<bottom>48</bottom>
				<action>5</action>
				<value>0</value>
			</control>
			<control>
				<type>0</type>
				<left>78</left>
				<top>76</top>
				<right>177</right>
				<bottom>100</bottom>
				<action>1</action>
				<value>0</value>
			</control>
			<control>
				<type>0</type>
				<left>65</left>
				<top>112</top>
				<right>189</right>
				<bottom>137</bottom>
				<action>1</action>
				<value>1</value>
			</control>
			<control>
				<type>0</type>
				<left>77</left>
				<top>148</top>
				<right>177</right>
				<bottom>173</bottom>
				<action>1</action>
				<value>2</value>
			</control>
			<control>
				<type>0</type>
				<left>78</left>
				<top>213</top>
				<right>177</right>
				<bottom>238</bottom>
				<action>3</action>
				<value>0</value>
			</control>
		</controls>
	</page>
	<page>
		<background>data/menu/graphics.png</background>
		<highlight>data/menu/graphicshigh.png</highlight>
		<width>256</width>
		<controls>
			<control>
				<texture>data/menu/resolution.png</texture>
				<type>1</type>
				<left>41</left>
				<top>10</top>
				<right>214</right>
				<bottom>29</bottom>
				<stat>0</stat>
				<values>
					<value><width>640</width><height>480</height></value>
					<value><width>800</width><height>600</height></value>
					<value><width>1024</width><height>768</height></value>
				</values>
				<roller>
					<left>25</left>
					<right>237</right>
				  <delta>30</delta>
					<top>39</top>
					<bottom>69</bottom>
				</roller>
				<arrowleft>
					<left>8</left>
					<top>48</top>
					<right>20</right>
					<bottom>60</bottom>
				</arrowleft>
				<arrowright>
					<left>235</left>
					<top>48</top>
					<right>247</right>
					<bottom>60</bottom>
				</arrowright>
			</control>
			<control>
				<texture>data/menu/tick.png</texture>
				<type>3</type>
				<left>12</left>
				<top>70</top>
				<right>195</right>
				<bottom>90</bottom>
				<stat>5</stat>
					<checkbox>
						<left>230</left>
						<top>80</top>
						<right>240</right>
						<bottom>89</bottom>
					</checkbox>
			</control>
			<control>
				<texture>data/menu/tick.png</texture>
				<type>3</type>
				<left>12</left>
				<top>100</top>
				<right>188</right>
				<bottom>120</bottom>
				<stat>9</stat>
					<checkbox>
						<left>230</left>
						<top>108</top>
						<right>240</right>
						<bottom>117</bottom>
					</checkbox>
			</control>
			<control>
				<texture>data/menu/tick.png</texture>
				<type>3</type>
				<left>12</left>
				<top>125</top>
				<right>225</right>
				<bottom>145</bottom>
				<stat>10</stat>
				<checkbox>
					<left>230</left>
					<top>136</top>
					<right>240</right>
					<bottom>145</bottom>
				</checkbox>
			</control>
			<control>
				<texture>data/menu/tick.png</texture>
				<type>3</type>
				<left>12</left>
				<top>155</top>
				<right>195</right>
				<bottom>175</bottom>
				<stat>6</stat>
					<checkbox>
						<left>230</left>
						<top>163</top>
						<right>240</right>
						<bottom>172</bottom>
					</checkbox>
			</control>
			<control>
				<texture>data/menu/volumeSlider.png</texture>
				<type>2</type>
				<left>80</left>
				<top>185</top>
				<right>175</right>
				<bottom>205</bottom>
				<stat>8</stat>
				<max>20</max>
				<delta>1</delta>
				<slider>
					<left>50</left>
					<top>208</top>
					<right>210</right>
					<bottom>224</bottom>
				</slider>	
				<arrowleft>
					<left>29</left>
					<top>212</top>
					<right>42</right>
					<bottom>222</bottom>
				</arrowleft>
				<arrowright>
					<left>215</left>
					<top>212</top>
					<right>228</right>
					<bottom>222</bottom>
				</arrowright>
			</control>
			<control>
				<type>0</type>
				<left>80</left>
				<top>235</top>
				<right>175</right>
				<bottom>250</bottom>
				<action>3</action>
				<value>0</value>
			</control>
		</controls>
	</page>
	<page>
		<background>data/menu/sound.png</background>
		<highlight>data/menu/soundhigh.png</highlight>
		<width>256</width>
		<show>
			<type>1</type>
		</show>
		<controls>
			<control>
				<texture>data/menu/volumeSlider.png</texture>
				<type>2</type>
				<left>70</left>
				<top>25</top>
				<right>185</right>
				<bottom>43</bottom>
				<stat>1</stat>
				<max>16</max>
				<delta>8</delta>
				<slider>
					<left>49</left>
					<top>51</top>
					<right>209</right>
					<bottom>68</bottom>
				</slider>	
				<arrowleft>
					<left>27</left>
					<top>49</top>
					<right>42</right>
					<bottom>68</bottom>
				</arrowleft>
				<arrowright>
					<left>214</left>
					<top>49</top>
					<right>228</right>
					<bottom>68</bottom>
				</arrowright>
			</control>
			<control>
				<texture>data/menu/tick.png</texture>
				<type>3</type>
				<left>12</left>
				<top>90</top>
				<right>181</right>
				<bottom>108</bottom>
				<stat>3</stat>
				<checkbox>
					<left>230</left>
					<top>96</top>
					<right>240</right>
					<bottom>106</bottom>
				</checkbox>
			</control>
			<control>
				<texture>data/menu/tick.png</texture>
				<type>3</type>
				<left>12</left>
				<top>122</top>
				<right>212</right>
				<bottom>142</bottom>
				<stat>2</stat>
				<checkbox>
					<left>230</left>
					<top>128</top>
					<right>240</right>
					<bottom>138</bottom>
				</checkbox>
			</control>
			<control>
				<type>5</type>
				<left>27</left>
				<right>229</right>
				<top>157</top>
				<bottom>183</bottom>
				<arrowleft>
					<left>37</left>
					<top>191</top>
					<right>54</right>
					<bottom>208</bottom>
				</arrowleft>
				<arrowright>
					<left>199</left>
					<top>191</top>
					<right>216</right>
					<bottom>208</bottom>
				</arrowright>
			</control>
			<control>
				<type>0</type>
				<left>87</left>
				<top>225</top>
				<right>167</right>
				<bottom>244</bottom>
				<action>3</action>
				<value>0</value>
			</control>
		</controls>
	</page>
	<page>
		<background>data/menu/controls.png</background>
		<highlight>data/menu/controlsHigh.png</highlight>
		<width>256</width>
		<show>
			<type>2</type>
			<col>180</col>
		</show>
		<controls>
			<control>
				<type>4</type>
				<left>12</left>
				<top>8</top>
				<right>45</right>
				<bottom>25</bottom>
				<key>0</key>
			</control>
			<control>
				<type>4</type>
				<left>12</left>
				<top>30</top>
				<right>70</right>
				<bottom>48</bottom>				
				<key>1</key>
			</control>
			<control>
				<type>4</type>
				<left>12</left>
				<top>51</top>
				<right>70</right>
				<bottom>70</bottom>				
				<key>2</key>
			</control>
			<control>
				<type>4</type>
				<left>12</left>
				<top>72</top>
				<right>70</right>
				<bottom>90</bottom>				
				<key>3</key>
			</control>
			<control>
				<type>4</type>
				<left>12</left>
				<top>93</top>
				<right>124</right>
				<bottom>113</bottom>				
				<key>4</key>
			</control>
			<control>
				<type>4</type>
				<left>12</left>
				<top>115</top>
				<right>162</right>
				<bottom>134</bottom>				
				<key>5</key>
			</control>
			<control>
				<type>4</type>
				<left>12</left>
				<top>138</top>
				<right>88</right>
				<bottom>155</bottom>				
				<key>6</key>
			</control>
			<control>
				<type>4</type>
				<left>12</left>
				<top>160</top>
				<right>79</right>
				<bottom>176</bottom>				
				<key>13</key>
			</control>
			<control>
				<texture>data/menu/volumeSlider.png</texture>
				<type>2</type>
				<left>41</left>
				<top>182</top>
				<right>210</right>
				<bottom>205</bottom>
				<stat>7</stat>
				<max>20</max>
				<delta>30</delta>
				<slider>
					<left>50</left>
					<top>210</top>
					<right>210</right>
					<bottom>226</bottom>
				</slider>	
				<arrowleft>
					<left>27</left>
					<top>213</top>
					<right>37</right>
					<bottom>227</bottom>
				</arrowleft>
				<arrowright>
					<left>215</left>
					<top>213</top>
					<right>225</right>
					<bottom>227</bottom>
				</arrowright>
			</control>
			<control>
				<type>0</type>
				<left>100</left>
				<top>228</top>
				<right>154</right>
				<bottom>252</bottom>
				<action>3</action>
				<value>0</value>
			</control>		
		</controls>
	</page>	
</menu>