<sidebar>
	<object>data/sidebar.dat</object>
	<texture>data/sidebar.png</texture>
	<lifebar>
		<height>15</height>
		<blocksizestart>0.05</blocksizestart>
		<blocksizeend>0.25</blocksizeend>
		<location>
			<x>0.35f</x>
			<y>-0.39f</y>
		</location>
		<delta>0.06</delta>
		<colour>
			<red>1.0</red>
			<green>1.0</green>
			<blue>1.0</blue>
		</colour>
	</lifebar>
	<score>
		<location>
			<x>500</x>
			<y>60</y>
		</location>
	</score>
	<level>
		<location>
			<x>510</x>
			<y>28</y>
		</location>
	</level>
	<next>
		<location>
			<x>0.20</x>
			<y>-0.57</y>
		</location>
	</next>
</sidebar>